age,annual_income,mins_on_site,pages_viewed,prev_purchases,gender,device_used,discount_given,bought_it
56.0,69376.0,35.5,9,1,Female,Tablet,1,1
46.0,,2.2,7,14,Male,Tablet,1,0
32.0,56976.0,24.0,3,5,Male,Mobile,0,0
60.0,87584.0,,20,15,Female,Mobile,1,1
25.0,98477.0,36.1,6,10,Female,Mobile,1,1
38.0,62533.0,47.7,2,9,Female,Desktop,0,1
56.0,21828.0,39.5,6,8,Male,Tablet,0,0
36.0,21917.0,59.5,3,12,Male,Mobile,1,1
40.0,40618.0,17.4,16,3,Male,Tablet,1,1
28.0,52254.0,21.9,8,5,Female,Desktop,0,0
28.0,67362.0,23.3,2,15,Female,Desktop,1,1
41.0,40128.0,28.2,17,6,Female,Mobile,1,1
53.0,79383.0,50.2,9,12,Male,Mobile,1,1
57.0,85545.0,14.5,12,10,Male,Tablet,1,1
41.0,102180.0,46.7,3,5,Female,Mobile,1,1
20.0,107958.0,24.6,11,7,Male,Tablet,1,1
39.0,29865.0,36.3,1,3,Female,Mobile,1,1
,22219.0,38.1,13,11,Male,Tablet,1,1
41.0,59809.0,22.7,15,14,Male,Tablet,1,1
61.0,25287.0,31.0,5,0,Female,Tablet,1,0
47.0,54387.0,25.1,17,6,Male,Tablet,0,0
55.0,28512.0,4.6,6,2,Male,Desktop,1,0
19.0,,26.5,11,13,Female,Tablet,1,1
38.0,83076.0,6.3,18,5,Female,Mobile,1,1
50.0,39216.0,24.6,4,1,Male,Desktop,1,0
,113070.0,35.8,3,8,Female,Desktop,1,1
39.0,99767.0,35.0,13,0,Male,Tablet,0,0
61.0,117829.0,39.9,9,5,Female,Desktop,1,1
42.0,46614.0,6.2,6,5,Male,Tablet,1,0
44.0,56258.0,39.3,12,4,Male,Mobile,0,0
59.0,113789.0,,2,15,Female,Tablet,0,1
45.0,62078.0,24.2,3,12,Male,Desktop,1,0
33.0,103524.0,,3,4,Male,Mobile,0,0
,116573.0,1.0,12,0,Female,Tablet,0,1
,32219.0,35.5,15,9,Female,Mobile,1,1
61.0,20235.0,,9,11,Male,Mobile,1,1
20.0,62929.0,24.1,8,4,Female,Desktop,1,1
54.0,87444.0,14.6,11,1,Female,Mobile,1,0
24.0,28567.0,14.5,16,6,Male,Desktop,0,0
38.0,90792.0,53.1,4,2,Male,Mobile,1,1
26.0,85441.0,26.8,1,12,Female,Tablet,1,1
56.0,104555.0,20.2,7,14,Female,Mobile,1,1
35.0,,27.2,2,3,Female,Tablet,1,1
21.0,25415.0,40.3,5,2,Male,Tablet,1,1
,56159.0,9.2,7,2,Male,Mobile,1,0
31.0,,27.2,4,3,Male,Tablet,1,1
26.0,25951.0,35.5,5,4,Male,Mobile,1,0
43.0,107388.0,56.9,1,0,Male,Mobile,1,1
19.0,28007.0,15.5,1,3,Male,Tablet,1,0
37.0,61832.0,21.9,15,11,Male,Tablet,1,1
45.0,78596.0,23.1,20,11,Female,Desktop,1,1
64.0,50523.0,36.5,19,10,Female,Tablet,1,1
24.0,108861.0,21.7,10,7,Male,Desktop,1,1
61.0,106740.0,32.2,18,9,Male,Tablet,1,1
25.0,35524.0,47.0,3,6,Male,Mobile,1,0
64.0,39282.0,42.5,11,8,Female,Tablet,1,1
52.0,43930.0,27.1,15,4,Male,Mobile,1,1
31.0,20077.0,51.9,11,12,Female,Mobile,1,1
34.0,40611.0,33.7,17,14,Female,Mobile,1,0
53.0,36984.0,32.6,17,9,Female,Desktop,1,1
57.0,34060.0,2.5,6,3,Female,Tablet,1,0
21.0,102985.0,59.2,5,7,Female,Mobile,1,1
19.0,104056.0,7.8,8,8,Male,Mobile,1,1
23.0,63303.0,14.3,2,12,Male,Desktop,0,1
59.0,79207.0,3.6,16,6,Female,Tablet,1,1
21.0,95046.0,,20,13,Male,Tablet,1,1
46.0,49287.0,13.9,12,15,Female,Desktop,1,1
35.0,113709.0,11.2,6,6,Female,Desktop,1,0
43.0,59711.0,5.8,1,15,Male,Tablet,1,1
61.0,31954.0,6.6,4,4,Male,Desktop,1,0
51.0,93340.0,35.3,17,3,Male,Tablet,1,1
27.0,92101.0,,13,13,Male,Tablet,1,1
53.0,91520.0,24.1,18,9,Male,Mobile,1,1
31.0,107062.0,29.1,5,0,Female,Mobile,0,0
48.0,38574.0,,3,9,Male,Tablet,1,1
65.0,29184.0,1.5,11,9,Male,Tablet,1,0
32.0,39096.0,19.7,13,6,Male,Tablet,0,1
25.0,,58.4,4,15,Female,Tablet,1,1
31.0,54016.0,35.0,14,0,Male,Tablet,1,1
40.0,31246.0,15.6,11,0,Female,Tablet,0,0
57.0,65558.0,31.5,10,4,Male,Desktop,1,1
38.0,38381.0,,19,12,Male,Tablet,0,0
33.0,56455.0,32.2,18,8,Female,Desktop,1,1
62.0,,8.0,6,5,Male,Desktop,1,1
35.0,24018.0,8.4,15,2,Male,Tablet,1,0
64.0,31302.0,9.0,10,12,Female,Tablet,0,0
41.0,87506.0,56.4,5,2,Male,Desktop,0,1
43.0,61157.0,44.1,5,6,Female,Desktop,0,0
42.0,74917.0,10.2,10,5,Female,Tablet,1,1
62.0,112738.0,11.7,5,8,Female,Tablet,0,0
58.0,116646.0,44.0,3,5,Female,Desktop,1,1
46.0,103122.0,,6,4,Female,Desktop,0,0
32.0,44519.0,14.5,4,9,Male,Desktop,1,1
62.0,116809.0,57.8,18,6,Male,Mobile,1,1
18.0,107487.0,15.7,9,0,Male,Desktop,0,0
42.0,76819.0,39.9,17,11,Female,Mobile,1,1
24.0,100910.0,58.7,13,6,Female,Tablet,0,1
26.0,91324.0,22.8,15,15,Female,Tablet,0,1
41.0,25408.0,1.5,20,2,Female,Desktop,1,0
18.0,79379.0,15.0,17,13,Male,Tablet,1,1
61.0,45053.0,49.9,13,8,Male,Tablet,1,1
25.0,29446.0,51.9,16,14,Female,Tablet,0,1
41.0,20922.0,46.2,4,5,Female,Tablet,1,1
28.0,118723.0,7.2,5,8,Male,Mobile,0,1
34.0,71356.0,47.8,5,12,Female,Mobile,0,1
25.0,30789.0,55.2,9,14,Female,Desktop,1,1
52.0,117720.0,36.2,17,4,Female,Desktop,1,1
52.0,86656.0,56.5,13,6,Male,Desktop,0,1
50.0,64028.0,49.7,2,12,Male,Tablet,1,1
22.0,84484.0,40.2,13,15,Female,Tablet,0,1
59.0,,34.8,19,13,Male,Mobile,1,1
56.0,102870.0,21.2,3,3,Female,Mobile,0,1
58.0,22336.0,10.0,10,14,Female,Desktop,0,0
45.0,87779.0,36.5,2,15,Male,Mobile,1,1
24.0,39029.0,19.4,13,6,Female,Mobile,1,0
26.0,79201.0,52.1,19,12,Female,Mobile,1,1
25.0,52265.0,59.6,17,0,Male,Mobile,0,1
29.0,,45.3,14,6,Female,Mobile,0,1
51.0,66197.0,5.9,12,7,Female,Desktop,1,1
50.0,75180.0,17.7,12,4,Female,Desktop,0,0
65.0,43710.0,7.0,11,1,Male,Mobile,1,0
40.0,49486.0,39.2,7,4,Female,Desktop,0,0
41.0,91907.0,,4,5,Male,Tablet,1,1
54.0,91895.0,55.6,19,11,Female,Mobile,1,1
52.0,84435.0,26.6,1,1,Female,Tablet,0,0
61.0,60631.0,54.1,3,13,Female,Desktop,1,1
57.0,40103.0,,13,5,Female,Desktop,1,0
39.0,84772.0,19.4,15,5,Male,Tablet,0,1
44.0,34382.0,52.2,2,0,Male,Desktop,1,0
,104291.0,22.9,11,13,Female,Mobile,1,1
18.0,23756.0,18.2,4,0,Female,Tablet,0,0
52.0,40609.0,39.1,19,13,Female,Mobile,1,1
54.0,36478.0,20.0,17,10,Female,Tablet,0,1
64.0,59666.0,38.0,3,15,Female,Desktop,1,1
31.0,95683.0,36.8,18,9,Female,Tablet,1,1
20.0,119097.0,34.0,8,2,Female,Tablet,1,1
18.0,91315.0,23.1,19,13,Female,Mobile,1,1
22.0,97834.0,33.1,5,9,Male,Desktop,1,1
43.0,34153.0,,7,9,Male,Mobile,1,0
,96325.0,33.0,8,14,Male,Desktop,0,1
56.0,32999.0,26.9,5,11,Female,Mobile,1,1
44.0,75318.0,1.4,17,2,Female,Tablet,0,1
,,35.4,5,3,Female,Mobile,1,0
32.0,96077.0,10.5,4,1,Male,Desktop,1,1
32.0,110474.0,38.7,19,8,Female,Desktop,0,1
43.0,22443.0,45.7,2,9,Male,Tablet,0,0
59.0,95993.0,30.3,11,11,Female,Desktop,1,1
30.0,95916.0,32.8,13,10,Male,Mobile,1,1
49.0,93319.0,57.1,15,13,Male,Tablet,1,1
56.0,37368.0,50.9,12,6,Male,Desktop,1,1
49.0,35328.0,54.9,11,6,Female,Desktop,1,1
21.0,76942.0,,7,14,Male,Mobile,1,1
,111751.0,7.0,5,5,Female,Mobile,0,0
54.0,119131.0,9.4,17,14,Female,Tablet,0,1
40.0,47306.0,31.8,20,2,Female,Desktop,1,1
56.0,105451.0,15.1,9,5,Female,Mobile,1,1
62.0,59915.0,28.9,14,14,Female,Tablet,0,1
32.0,57219.0,24.0,12,13,Male,Desktop,1,1
60.0,100879.0,33.2,6,11,Female,Desktop,0,0
46.0,84644.0,44.9,17,7,Female,Tablet,1,1
53.0,80279.0,43.1,19,7,Female,Tablet,1,1
,73028.0,31.5,19,10,Female,Mobile,1,1
49.0,20126.0,49.4,16,12,Female,Desktop,1,1
24.0,72329.0,26.1,12,8,Male,Desktop,0,0
39.0,47632.0,53.9,12,14,Male,Desktop,1,1
45.0,85310.0,4.7,20,0,Female,Tablet,1,1
19.0,75176.0,57.3,6,13,Male,Mobile,1,1
59.0,106066.0,39.5,4,0,Male,Desktop,1,1
62.0,64327.0,23.1,6,2,Female,Tablet,1,0
23.0,88904.0,12.2,11,2,Male,Desktop,1,1
45.0,23797.0,29.0,1,9,Female,Mobile,1,1
45.0,67882.0,12.1,15,7,Male,Desktop,0,0
61.0,33718.0,10.4,11,14,Male,Mobile,0,0
61.0,54560.0,,19,9,Male,Mobile,0,1
37.0,96589.0,31.6,18,0,Female,Desktop,0,1
47.0,42116.0,40.4,17,12,Male,Desktop,1,1
28.0,56244.0,55.8,19,1,Male,Mobile,0,1
45.0,21645.0,32.2,14,1,Female,Tablet,1,0
42.0,67523.0,35.1,18,2,Female,Mobile,1,1
56.0,39256.0,5.8,19,12,Male,Desktop,1,1
50.0,73173.0,43.2,15,5,Female,Desktop,1,1
,57430.0,24.3,15,0,Male,Tablet,1,1
44.0,59282.0,58.6,4,1,Male,Mobile,1,0
30.0,83374.0,49.5,7,12,Female,Mobile,1,1
,,31.6,13,15,Female,Mobile,0,1
20.0,,7.8,3,14,Female,Desktop,1,0
56.0,76264.0,51.6,16,12,Male,Mobile,1,1
23.0,,48.1,9,15,Female,Tablet,1,1
25.0,117416.0,11.5,8,0,Male,Desktop,0,1
44.0,77545.0,18.1,20,4,Female,Desktop,0,0
26.0,59224.0,47.7,13,15,Male,Mobile,1,1
54.0,117945.0,11.5,17,12,Female,Tablet,1,1
50.0,33224.0,55.1,17,12,Male,Desktop,0,1
59.0,60738.0,25.8,17,6,Female,Desktop,0,1
61.0,45150.0,5.7,1,15,Male,Mobile,1,0
41.0,83731.0,49.0,8,7,Female,Mobile,1,1
32.0,69688.0,22.7,19,9,Female,Tablet,0,1
49.0,119929.0,31.8,6,0,Male,Mobile,1,1
49.0,,7.2,3,6,Female,Tablet,0,0
41.0,28577.0,0.7,5,12,Male,Desktop,0,0
58.0,28070.0,38.5,13,4,Male,Tablet,1,1
,28666.0,31.2,15,9,Female,Tablet,0,0
56.0,77761.0,35.8,14,0,Male,Tablet,1,1
19.0,56368.0,47.7,16,2,Female,Desktop,1,1
20.0,26783.0,,18,6,Female,Mobile,1,1
54.0,,10.9,11,9,Male,Desktop,0,0
34.0,90507.0,22.0,3,0,Female,Mobile,0,0
19.0,99026.0,54.4,10,6,Male,Tablet,0,1
,87526.0,46.3,10,4,Male,Tablet,1,1
45.0,90835.0,33.6,16,0,Female,Tablet,1,1
40.0,65765.0,15.7,12,0,Female,Tablet,1,1
54.0,39956.0,18.5,2,13,Male,Tablet,1,0
49.0,107895.0,44.1,9,0,Male,Mobile,1,1
50.0,66240.0,51.1,3,10,Female,Mobile,1,1
18.0,57148.0,40.4,15,8,Female,Tablet,0,1
36.0,114270.0,48.7,3,10,Female,Desktop,0,0
19.0,24757.0,46.1,19,12,Female,Desktop,1,1
61.0,39097.0,9.4,18,2,Male,Tablet,0,0
43.0,30395.0,25.7,8,14,Female,Mobile,0,0
49.0,36241.0,9.6,17,12,Male,Desktop,1,1
23.0,47696.0,14.5,8,4,Male,Desktop,1,0
49.0,90480.0,52.2,7,10,Female,Desktop,0,0
21.0,66163.0,28.6,7,15,Male,Tablet,1,1
,39816.0,32.4,3,9,Female,Desktop,1,0
34.0,69840.0,11.1,1,11,Male,Desktop,1,0
55.0,72853.0,19.1,4,15,Female,Desktop,0,1
41.0,44917.0,14.2,5,8,Male,Desktop,0,0
22.0,116731.0,12.8,1,5,Male,Mobile,1,1
51.0,41566.0,38.5,15,11,Female,Tablet,1,1
23.0,95452.0,15.8,5,8,Female,Tablet,1,1
39.0,82823.0,38.1,13,7,Male,Mobile,1,1
28.0,40806.0,4.0,8,7,Male,Mobile,0,0
65.0,95520.0,8.9,8,0,Female,Tablet,0,0
33.0,21759.0,16.8,5,12,Male,Desktop,1,0
50.0,61949.0,36.0,9,8,Female,Desktop,0,0
26.0,112374.0,40.7,1,5,Male,Tablet,0,1
23.0,22482.0,26.8,4,15,Female,Desktop,1,1
33.0,44442.0,27.0,3,8,Male,Mobile,0,0
46.0,53719.0,43.6,2,2,Female,Desktop,0,0
20.0,78066.0,1.4,8,11,Female,Desktop,1,1
37.0,113501.0,20.8,9,2,Male,Desktop,0,0
53.0,22079.0,49.2,2,5,Female,Tablet,0,0
36.0,22717.0,36.4,14,8,Male,Mobile,1,0
43.0,79676.0,20.6,14,6,Female,Desktop,1,1
,47952.0,54.4,4,13,Female,Tablet,0,0
36.0,106444.0,46.5,6,12,Female,Desktop,1,1
37.0,62460.0,16.3,11,2,Male,Mobile,1,1
49.0,110397.0,38.9,3,2,Female,Desktop,1,1
,92847.0,,8,1,Male,Mobile,1,1
58.0,113607.0,24.4,3,8,Female,Desktop,1,1
50.0,109106.0,22.3,14,12,Male,Mobile,1,1
57.0,38449.0,20.9,13,14,Male,Desktop,0,0
56.0,53536.0,37.2,13,2,Male,Mobile,0,0
35.0,84077.0,26.8,2,10,Female,Desktop,1,1
57.0,58258.0,50.0,13,4,Male,Desktop,1,1
18.0,68302.0,40.3,19,13,Female,Tablet,0,1
28.0,48865.0,4.7,6,13,Male,Tablet,1,1
45.0,26645.0,38.6,16,8,Male,Mobile,1,0
,58000.0,16.6,2,7,Male,Desktop,1,1
40.0,46737.0,35.8,8,1,Male,Mobile,0,0
48.0,31485.0,41.0,17,2,Female,Tablet,1,0
47.0,58565.0,,2,15,Male,Mobile,0,1
59.0,45522.0,27.7,10,15,Male,Mobile,0,1
52.0,85155.0,11.8,16,1,Female,Tablet,1,1
24.0,75168.0,3.6,6,15,Male,Desktop,0,1
33.0,72487.0,23.0,2,7,Male,Mobile,0,0
43.0,32342.0,,2,5,Male,Tablet,1,0
65.0,60806.0,59.7,13,5,Male,Desktop,0,1
19.0,68770.0,27.1,15,11,Female,Tablet,0,1
18.0,98623.0,20.3,2,14,Female,Mobile,0,1
65.0,119785.0,35.0,7,8,Male,Desktop,1,1
29.0,95629.0,5.8,3,7,Female,Desktop,1,0
22.0,72603.0,57.7,8,3,Female,Tablet,1,1
54.0,101974.0,38.3,14,14,Male,Tablet,1,1
49.0,46399.0,45.4,7,11,Female,Tablet,1,1
26.0,105382.0,10.6,7,3,Male,Desktop,1,1
58.0,101244.0,24.9,1,8,Female,Desktop,0,1
52.0,96534.0,25.7,17,0,Female,Mobile,0,1
36.0,75106.0,49.4,9,12,Female,Desktop,1,1
65.0,50678.0,0.6,13,1,Male,Mobile,0,0
33.0,96218.0,18.4,19,1,Female,Tablet,1,1
20.0,83230.0,58.9,19,12,Male,Tablet,1,1
37.0,94055.0,28.8,17,12,Male,Desktop,1,1
41.0,76373.0,23.3,10,5,Female,Tablet,1,1
50.0,51480.0,7.6,10,14,Male,Tablet,1,1
41.0,,58.5,4,3,Female,Desktop,1,1
28.0,88836.0,1.7,8,15,Male,Mobile,1,1
25.0,92258.0,44.4,20,12,Male,Desktop,1,1
53.0,59986.0,46.2,20,10,Female,Mobile,1,1
55.0,44160.0,15.0,18,9,Female,Desktop,0,0
57.0,105595.0,40.5,14,12,Female,Desktop,0,1
37.0,99111.0,6.0,18,2,Female,Tablet,1,1
52.0,84929.0,15.8,14,2,Male,Desktop,1,1
65.0,93506.0,47.4,20,2,Male,Desktop,1,1
42.0,54911.0,51.9,15,5,Male,Mobile,0,1
52.0,107127.0,36.7,4,13,Female,Tablet,1,1
42.0,51821.0,30.7,13,15,Male,Mobile,0,1
46.0,95039.0,10.0,8,7,Female,Mobile,1,1
35.0,80535.0,4.3,18,10,Male,Tablet,1,1
63.0,104458.0,7.5,12,6,Female,Tablet,0,0
35.0,32175.0,14.0,14,13,Male,Tablet,1,1
19.0,74771.0,20.8,2,3,Male,Desktop,1,1
52.0,106925.0,23.2,18,10,Female,Tablet,1,1
33.0,86358.0,21.1,2,11,Male,Tablet,1,1
58.0,37327.0,14.7,11,3,Female,Tablet,1,0
53.0,67057.0,30.8,9,10,Male,Mobile,0,0
50.0,26150.0,49.6,12,9,Male,Mobile,1,1
21.0,24425.0,17.1,17,14,Female,Desktop,1,1
50.0,36032.0,56.6,15,10,Female,Mobile,1,1
31.0,22198.0,52.5,17,15,Male,Desktop,0,1
38.0,80500.0,10.1,18,10,Male,Mobile,0,1
65.0,73394.0,47.3,6,13,Male,Tablet,0,1
37.0,40079.0,34.7,17,10,Male,Mobile,0,0
25.0,56220.0,34.2,18,1,Male,Desktop,0,0
24.0,61874.0,23.8,8,13,Male,Mobile,1,1
20.0,33859.0,30.3,9,15,Female,Tablet,0,0
34.0,70460.0,24.1,6,0,Female,Desktop,0,0
50.0,51419.0,32.6,5,8,Female,Tablet,1,1
65.0,28705.0,37.9,12,11,Male,Tablet,0,0
29.0,62880.0,40.6,11,14,Male,Desktop,0,1
39.0,43236.0,32.2,1,11,Male,Tablet,0,0
39.0,107955.0,43.4,11,1,Female,Tablet,0,1
63.0,105514.0,8.9,19,12,Female,Mobile,1,1
47.0,35358.0,13.1,9,7,Male,Tablet,0,0
55.0,119713.0,49.2,2,14,Male,Tablet,1,1
55.0,114914.0,19.7,12,15,Female,Tablet,1,1
62.0,96918.0,1.9,4,8,Female,Tablet,1,0
25.0,34596.0,9.7,4,3,Female,Desktop,1,0
44.0,53572.0,13.8,18,7,Male,Mobile,1,1
44.0,98757.0,57.5,15,8,Male,Tablet,1,1
51.0,21279.0,34.6,19,9,Male,Tablet,0,0
38.0,83197.0,56.0,13,9,Female,Desktop,1,1
47.0,82516.0,34.7,19,4,Female,Tablet,1,1
50.0,27083.0,29.0,17,15,Male,Desktop,0,1
45.0,37771.0,19.2,6,12,Male,Mobile,0,0
64.0,49975.0,36.6,16,13,Female,Mobile,1,1
50.0,65648.0,8.8,12,6,Male,Tablet,1,0
22.0,,53.9,19,15,Female,Tablet,0,1
65.0,39063.0,49.8,5,9,Female,Tablet,1,1
36.0,87642.0,19.4,17,3,Male,Desktop,0,0
21.0,110093.0,57.2,1,0,Female,Tablet,1,1
52.0,106143.0,49.6,10,2,Male,Tablet,0,1
34.0,57599.0,40.1,15,4,Female,Mobile,0,0
,71920.0,7.7,11,2,Female,Tablet,1,1
45.0,48529.0,29.0,13,15,Male,Mobile,1,1
47.0,55954.0,,5,11,Female,Tablet,1,1
,47856.0,14.3,1,12,Male,Mobile,1,1
63.0,22573.0,5.3,12,10,Male,Tablet,0,0
23.0,98344.0,46.7,11,6,Female,Mobile,1,1
,55367.0,7.8,17,11,Male,Desktop,0,1
58.0,119608.0,35.9,4,8,Male,Mobile,0,1
54.0,80774.0,56.2,15,14,Male,Mobile,0,1
41.0,43752.0,52.6,9,11,Male,Mobile,1,1
46.0,75029.0,17.0,20,5,Male,Tablet,1,1
63.0,37685.0,,19,12,Male,Tablet,1,1
48.0,71693.0,0.5,19,9,Female,Tablet,1,1
52.0,,1.6,12,0,Male,Desktop,0,0
50.0,96908.0,,5,15,Female,Desktop,1,1
38.0,94532.0,22.2,10,6,Female,Mobile,1,1
49.0,101994.0,23.5,17,14,Male,Desktop,0,1
40.0,76133.0,34.1,5,2,Female,Mobile,1,0
50.0,117425.0,11.9,16,4,Female,Mobile,0,0
20.0,81268.0,13.1,7,15,Male,Mobile,1,1
35.0,112201.0,29.3,9,9,Male,Desktop,1,1
42.0,58243.0,45.4,3,3,Male,Tablet,1,1
59.0,77384.0,37.4,15,9,Female,Desktop,0,1
48.0,51653.0,18.2,16,4,Female,Mobile,0,1
20.0,46657.0,26.1,18,4,Male,Mobile,1,1
57.0,59952.0,10.7,14,5,Male,Desktop,0,0
63.0,42180.0,4.9,3,13,Female,Mobile,0,0
41.0,117432.0,47.1,12,9,Female,Mobile,1,1
49.0,98411.0,16.3,9,11,Female,Desktop,1,1
64.0,21622.0,11.1,7,9,Female,Desktop,1,0
39.0,68756.0,41.7,9,12,Male,Desktop,1,1
40.0,60809.0,37.3,13,12,Female,Mobile,0,1
19.0,36725.0,38.2,18,10,Female,Mobile,1,1
,81396.0,14.1,5,5,Female,Tablet,0,0
59.0,71226.0,14.3,13,15,Female,Tablet,1,1
19.0,101182.0,13.6,4,7,Male,Desktop,1,1
43.0,102565.0,10.8,2,7,Male,Tablet,1,1
34.0,49402.0,39.5,16,10,Female,Mobile,0,0
57.0,24263.0,51.0,9,8,Female,Tablet,1,0
50.0,,43.6,9,7,Male,Mobile,1,1
26.0,,47.6,6,12,Male,Desktop,0,0
60.0,67924.0,24.6,11,10,Female,Desktop,1,1
65.0,94182.0,39.4,1,1,Female,Mobile,1,1
56.0,113065.0,21.6,4,13,Male,Tablet,1,1
46.0,79052.0,31.8,13,13,Male,Desktop,0,1
59.0,31664.0,29.2,13,11,Male,Desktop,0,0
43.0,55737.0,11.0,13,9,Male,Tablet,0,0
52.0,109563.0,23.5,2,11,Male,Tablet,1,1
42.0,49373.0,57.8,9,10,Male,Mobile,0,0
41.0,56397.0,15.3,8,14,Female,Tablet,0,0
30.0,106145.0,8.5,7,15,Male,Tablet,1,1
24.0,58709.0,25.4,4,0,Male,Tablet,1,1
53.0,81120.0,47.5,18,9,Male,Mobile,0,1
62.0,39250.0,35.1,3,1,Male,Mobile,0,0
37.0,41172.0,41.0,6,1,Female,Desktop,1,0
18.0,31555.0,11.8,12,11,Female,Mobile,0,0
25.0,107410.0,37.3,12,2,Male,Desktop,1,1
63.0,98617.0,19.7,8,9,Female,Tablet,1,1
33.0,73276.0,50.1,1,6,Female,Desktop,1,1
31.0,77492.0,37.9,4,1,Female,Desktop,1,1
29.0,73002.0,12.3,11,13,Female,Tablet,1,1
40.0,109599.0,4.3,3,15,Female,Desktop,1,1
32.0,92355.0,3.0,13,0,Female,Mobile,0,0
45.0,111248.0,22.6,17,15,Male,Mobile,1,1
51.0,,16.3,10,13,Male,Mobile,1,1
19.0,31046.0,38.9,12,5,Male,Mobile,0,0
49.0,116999.0,30.2,15,8,Male,Desktop,0,1
40.0,48769.0,16.3,10,14,Male,Desktop,0,0
39.0,73302.0,9.4,14,2,Female,Tablet,1,1
42.0,43150.0,8.1,13,5,Male,Desktop,0,0
39.0,88247.0,51.9,5,2,Male,Desktop,0,1
39.0,24853.0,15.0,6,13,Female,Desktop,0,0
59.0,114613.0,39.3,2,12,Female,Tablet,1,1
23.0,109399.0,48.7,17,0,Male,Mobile,0,1
32.0,41792.0,37.0,4,13,Female,Desktop,1,1
,79129.0,51.6,14,12,Female,Tablet,1,1
54.0,94478.0,23.8,10,15,Female,Tablet,1,1
50.0,87298.0,57.4,3,11,Female,Tablet,1,1
25.0,51987.0,,3,4,Male,Mobile,0,0
61.0,35850.0,6.6,15,9,Female,Desktop,0,0
61.0,,39.7,6,13,Male,Tablet,1,1
22.0,44058.0,56.6,17,12,Male,Mobile,0,1
56.0,65420.0,,12,10,Female,Tablet,0,1
21.0,58890.0,5.0,20,3,Female,Tablet,1,1
23.0,86017.0,17.1,11,6,Female,Tablet,0,1
62.0,67304.0,55.9,4,5,Male,Tablet,1,1
49.0,52921.0,15.6,6,9,Female,Tablet,0,0
47.0,,47.0,1,6,Female,Mobile,1,0
64.0,35048.0,49.6,20,4,Female,Desktop,1,1
52.0,55111.0,30.0,16,14,Female,Desktop,1,1
57.0,57904.0,23.5,15,14,Female,Desktop,0,0
33.0,74912.0,27.3,17,3,Male,Desktop,1,1
30.0,54008.0,14.0,8,15,Female,Mobile,1,1
59.0,,53.4,12,6,Female,Mobile,1,1
47.0,94666.0,27.3,10,6,Female,Mobile,0,1
36.0,103559.0,53.0,15,5,Male,Tablet,1,1
34.0,75337.0,6.8,9,7,Female,Tablet,1,1
36.0,33350.0,59.3,2,3,Male,Tablet,1,1
45.0,44354.0,26.9,5,9,Male,Desktop,1,1
,65186.0,,6,4,Female,Tablet,0,0
54.0,48145.0,2.8,7,3,Female,Desktop,1,0
43.0,54020.0,44.9,1,11,Female,Tablet,1,1
40.0,106123.0,39.7,7,0,Male,Desktop,1,1
26.0,95186.0,48.2,20,11,Male,Tablet,1,1
29.0,105469.0,6.8,12,7,Male,Tablet,1,1
18.0,40581.0,2.6,16,0,Male,Mobile,1,1
18.0,108929.0,30.8,16,4,Male,Tablet,0,1
64.0,43051.0,23.6,11,14,Male,Tablet,0,0
51.0,71474.0,28.0,4,5,Female,Mobile,1,0
49.0,111748.0,59.5,13,5,Female,Desktop,1,1
65.0,89626.0,58.3,7,12,Male,Mobile,0,1
42.0,26960.0,56.6,4,4,Female,Mobile,0,0
57.0,55772.0,47.1,15,15,Female,Desktop,0,1
,41520.0,21.6,19,2,Male,Tablet,1,1
18.0,,25.0,9,14,Male,Desktop,0,0
33.0,56408.0,33.2,11,4,Female,Tablet,1,1
56.0,114006.0,49.9,8,11,Male,Tablet,1,1
22.0,77134.0,4.6,1,7,Male,Desktop,1,0
39.0,,25.7,8,13,Female,Mobile,1,1
46.0,21341.0,5.4,13,1,Male,Desktop,1,0
20.0,64623.0,31.1,4,15,Female,Tablet,0,1
29.0,110327.0,54.0,8,5,Female,Desktop,1,1
43.0,20338.0,47.1,3,8,Female,Desktop,1,0
33.0,91431.0,14.1,9,7,Female,Tablet,1,1
54.0,32254.0,58.6,2,13,Female,Mobile,0,1
39.0,71860.0,40.2,2,10,Male,Desktop,0,0
46.0,31344.0,1.1,13,7,Male,Tablet,0,0
31.0,21750.0,15.7,15,7,Male,Tablet,0,0
45.0,74756.0,,12,14,Male,Desktop,1,1
22.0,87957.0,4.6,4,12,Female,Mobile,0,0
64.0,78053.0,57.6,8,6,Female,Desktop,1,1
47.0,90855.0,29.0,9,7,Male,Mobile,0,1
63.0,35896.0,53.8,5,12,Female,Mobile,0,1
22.0,75761.0,19.7,20,5,Male,Mobile,1,1
29.0,82552.0,8.0,18,1,Male,Mobile,0,0
33.0,97454.0,28.7,11,1,Male,Desktop,0,0
43.0,,7.3,15,7,Female,Tablet,1,1
43.0,47935.0,29.4,9,10,Female,Tablet,1,1
65.0,57641.0,55.3,17,0,Female,Tablet,0,1
38.0,49711.0,31.5,12,5,Female,Tablet,1,1
56.0,90342.0,37.2,7,12,Male,Tablet,1,1
53.0,32182.0,9.8,10,15,Female,Tablet,1,1
50.0,107833.0,3.1,10,5,Female,Desktop,0,1
47.0,,7.1,13,15,Female,Mobile,0,1
54.0,39541.0,36.1,19,10,Male,Tablet,0,0
40.0,114457.0,6.2,11,3,Male,Desktop,0,0
27.0,102310.0,22.9,13,11,Female,Tablet,1,1
22.0,64813.0,33.2,8,10,Female,Tablet,1,1
53.0,57198.0,23.6,8,12,Female,Mobile,1,1
51.0,28820.0,10.2,4,14,Female,Mobile,0,0
48.0,44070.0,16.8,15,10,Male,Mobile,1,1
27.0,89768.0,55.7,11,15,Female,Tablet,0,1
36.0,31122.0,40.7,11,12,Female,Tablet,1,1
49.0,100559.0,30.0,1,9,Female,Tablet,1,1
18.0,93543.0,1.3,17,2,Male,Mobile,1,0
22.0,103441.0,59.5,15,12,Male,Desktop,1,1
62.0,61786.0,40.5,20,10,Female,Tablet,0,1
21.0,114934.0,19.4,6,2,Female,Tablet,1,0
33.0,119804.0,52.8,15,14,Female,Tablet,1,1
41.0,26737.0,15.9,9,14,Female,Desktop,1,0
33.0,56062.0,32.9,14,15,Female,Tablet,1,1
19.0,74237.0,38.3,18,12,Male,Desktop,1,1
45.0,71571.0,13.7,17,12,Male,Tablet,0,1
49.0,45510.0,58.7,18,0,Male,Desktop,1,1
44.0,39426.0,45.0,5,2,Female,Tablet,0,0
37.0,57265.0,33.7,20,3,Male,Mobile,1,1
41.0,37850.0,11.2,20,10,Male,Mobile,1,1
29.0,86150.0,,9,10,Male,Mobile,0,1
52.0,107312.0,19.5,11,4,Female,Mobile,1,1
50.0,109613.0,45.3,1,2,Female,Tablet,0,0
50.0,94910.0,16.5,18,5,Male,Mobile,1,1
60.0,72375.0,32.6,6,10,Female,Desktop,1,1
54.0,55435.0,43.8,2,13,Male,Mobile,1,1
,,6.9,15,14,Male,Mobile,1,1
20.0,,41.3,14,11,Male,Mobile,1,1
18.0,98945.0,6.0,5,15,Male,Tablet,1,1
50.0,102050.0,57.9,6,4,Female,Mobile,1,1
57.0,115402.0,29.6,6,2,Female,Desktop,1,1
27.0,22983.0,9.5,18,5,Female,Mobile,0,0
60.0,117241.0,20.9,14,5,Female,Mobile,0,1
,40662.0,25.1,10,14,Male,Mobile,0,1
46.0,43510.0,45.6,14,13,Female,Desktop,0,1
30.0,98187.0,44.7,13,7,Male,Mobile,1,1
29.0,60998.0,36.9,3,1,Female,Desktop,1,0
48.0,76846.0,6.8,6,0,Female,Desktop,1,0
63.0,114071.0,9.5,8,15,Female,Mobile,1,1
19.0,26640.0,6.1,12,3,Male,Desktop,0,0
52.0,64547.0,34.8,13,15,Male,Tablet,0,1
40.0,74620.0,52.7,11,6,Male,Mobile,1,1
34.0,35317.0,26.3,12,14,Male,Mobile,1,1
43.0,27564.0,10.1,1,15,Female,Desktop,1,0
25.0,47345.0,33.7,17,10,Male,Desktop,1,1
46.0,114223.0,48.8,16,9,Male,Mobile,1,1
43.0,99273.0,44.6,11,2,Female,Tablet,1,1
27.0,94859.0,52.9,13,2,Female,Desktop,1,1
43.0,100765.0,17.0,18,15,Male,Desktop,1,1
51.0,94038.0,12.0,11,4,Female,Tablet,0,1
58.0,72393.0,52.8,12,4,Male,Tablet,1,1
24.0,86081.0,39.6,6,12,Female,Mobile,1,1
21.0,49430.0,19.0,9,9,Male,Tablet,1,1
62.0,95532.0,44.7,16,2,Male,Mobile,0,1
28.0,47788.0,49.0,4,8,Male,Tablet,1,1
46.0,115505.0,37.1,3,3,Male,Desktop,1,1
53.0,68543.0,41.4,16,12,Male,Mobile,0,1
42.0,33919.0,22.8,12,12,Female,Mobile,1,0
38.0,89346.0,32.6,11,14,Male,Mobile,0,1
53.0,116122.0,31.7,5,2,Male,Tablet,0,0
27.0,59974.0,51.0,18,10,Male,Desktop,0,1
54.0,36371.0,50.5,19,1,Male,Mobile,0,1
26.0,65084.0,50.0,6,9,Male,Mobile,1,1
41.0,49629.0,1.2,18,12,Female,Mobile,0,0
52.0,71184.0,45.1,6,10,Female,Mobile,0,1
52.0,81916.0,45.6,4,8,Male,Desktop,0,1
65.0,93972.0,40.9,12,3,Female,Tablet,0,1
53.0,82187.0,45.5,19,15,Male,Desktop,0,1
35.0,32984.0,50.6,2,2,Female,Mobile,1,1
56.0,53039.0,28.5,17,6,Female,Desktop,0,1
49.0,105431.0,30.4,11,7,Male,Mobile,1,1
41.0,103691.0,7.9,11,10,Female,Tablet,1,1
40.0,,23.4,16,13,Female,Tablet,0,1
49.0,30616.0,38.8,2,1,Male,Tablet,1,0
54.0,70072.0,46.9,2,6,Male,Mobile,0,0
29.0,44574.0,13.4,8,11,Female,Desktop,0,0
,23430.0,8.7,13,4,Female,Tablet,0,0
40.0,32676.0,40.0,10,14,Female,Mobile,0,0
42.0,30816.0,0.6,8,10,Male,Mobile,1,0
52.0,52733.0,11.1,4,4,Female,Desktop,1,1
58.0,105680.0,2.2,15,2,Female,Tablet,0,0
47.0,22050.0,10.4,1,4,Female,Mobile,1,0
34.0,53933.0,11.3,11,11,Male,Desktop,0,0
37.0,44951.0,23.6,7,1,Male,Tablet,1,0
65.0,52413.0,24.4,17,3,Male,Desktop,0,0
42.0,54801.0,52.5,20,5,Male,Desktop,0,1
39.0,75619.0,30.9,18,0,Female,Mobile,0,1
30.0,52913.0,43.5,12,9,Male,Mobile,0,1
36.0,60600.0,6.7,9,3,Female,Mobile,1,1
53.0,,13.9,5,5,Female,Desktop,1,1
29.0,110816.0,42.3,10,8,Female,Mobile,0,1
58.0,,3.6,4,13,Female,Desktop,1,1
36.0,55400.0,29.5,5,10,Male,Desktop,1,0
29.0,,36.2,10,15,Male,Mobile,1,1
26.0,100688.0,36.3,11,10,Male,Tablet,0,0
24.0,109431.0,1.9,10,12,Male,Tablet,1,1
45.0,94691.0,19.7,8,1,Male,Tablet,1,1
31.0,117419.0,38.4,2,10,Female,Desktop,1,1
48.0,63001.0,9.4,8,6,Male,Desktop,1,1
36.0,87364.0,41.9,16,5,Male,Desktop,0,1
64.0,65028.0,44.9,5,1,Male,Mobile,0,0
33.0,117659.0,58.9,3,7,Male,Desktop,1,1
22.0,57573.0,13.0,12,6,Female,Mobile,1,0
52.0,20806.0,49.6,13,10,Female,Mobile,0,1
29.0,76638.0,31.5,13,4,Female,Tablet,1,1
42.0,49757.0,22.7,10,11,Female,Tablet,1,1
38.0,54636.0,7.8,4,4,Female,Tablet,1,0
53.0,100097.0,44.3,9,6,Male,Mobile,1,1
40.0,68280.0,14.5,2,8,Female,Mobile,1,1
33.0,44262.0,22.6,19,10,Female,Mobile,0,1
56.0,100435.0,4.2,1,14,Female,Desktop,1,0
62.0,82211.0,48.2,7,8,Male,Mobile,0,1
59.0,74842.0,46.1,17,8,Male,Tablet,0,1
56.0,76979.0,44.2,3,5,Female,Tablet,0,0
31.0,101470.0,18.3,20,9,Male,Mobile,0,1
48.0,58197.0,,20,5,Male,Mobile,0,0
22.0,61844.0,38.4,3,2,Female,Tablet,0,1
52.0,84754.0,30.0,3,0,Male,Mobile,1,1
40.0,54157.0,11.1,17,15,Male,Tablet,0,0
,97129.0,41.3,7,6,Male,Desktop,1,1
60.0,60042.0,,14,3,Female,Tablet,0,1
,81665.0,45.0,17,0,Female,Desktop,1,1
35.0,102856.0,44.5,18,14,Female,Mobile,1,1
64.0,47376.0,57.0,13,7,Male,Mobile,0,0
29.0,75554.0,12.6,20,11,Female,Desktop,1,1
26.0,34199.0,34.2,20,5,Male,Mobile,1,1
27.0,101412.0,58.8,18,5,Male,Desktop,1,1
61.0,70948.0,,4,1,Male,Mobile,1,1
,93781.0,42.2,1,14,Female,Tablet,1,0
55.0,,35.4,18,0,Female,Mobile,1,1
24.0,86262.0,35.4,1,12,Female,Tablet,1,1
63.0,66600.0,42.0,13,13,Female,Tablet,0,1
30.0,96898.0,,20,13,Male,Desktop,1,1
57.0,82483.0,47.1,20,1,Female,Mobile,1,1
59.0,38297.0,3.8,10,3,Male,Desktop,1,0
26.0,50448.0,51.2,11,1,Female,Mobile,0,1
44.0,46172.0,13.9,9,15,Female,Tablet,1,1
19.0,62874.0,22.9,9,0,Female,Tablet,1,0
22.0,27657.0,28.0,5,6,Male,Mobile,0,0
46.0,104386.0,29.1,1,10,Male,Mobile,1,1
54.0,,26.4,17,10,Male,Desktop,1,1
55.0,46685.0,56.3,2,14,Male,Mobile,1,1
36.0,44578.0,42.5,13,11,Male,Mobile,1,1
25.0,,38.1,9,7,Female,Mobile,0,1
65.0,27906.0,3.5,4,5,Male,Desktop,1,0
62.0,81413.0,54.3,5,3,Male,Mobile,1,1
18.0,74028.0,54.6,11,13,Male,Tablet,0,1
39.0,27287.0,46.9,19,5,Male,Desktop,0,0
34.0,53660.0,0.9,3,2,Female,Desktop,1,0
24.0,95758.0,3.9,12,11,Male,Tablet,0,0
42.0,80504.0,13.9,19,7,Female,Tablet,0,1
62.0,79720.0,8.3,19,9,Female,Tablet,1,1
21.0,54701.0,24.2,13,13,Female,Mobile,0,0
53.0,103300.0,55.4,7,12,Male,Tablet,1,1
23.0,37674.0,28.6,15,12,Female,Mobile,0,1
48.0,103560.0,1.3,7,1,Male,Desktop,1,0
36.0,43874.0,17.3,8,4,Male,Desktop,1,1
61.0,63642.0,3.2,5,0,Male,Tablet,0,0
56.0,117820.0,2.7,14,5,Male,Mobile,1,1
44.0,85160.0,16.9,4,1,Male,Tablet,0,0
27.0,37602.0,16.9,10,3,Female,Tablet,1,1
43.0,108801.0,47.3,20,5,Female,Mobile,1,1
36.0,45931.0,58.5,15,9,Male,Tablet,1,1
56.0,114377.0,22.6,18,10,Female,Desktop,1,1
20.0,49192.0,26.0,20,7,Male,Tablet,0,0
62.0,66542.0,50.8,13,11,Female,Mobile,1,1
30.0,62520.0,,8,7,Female,Mobile,0,1
45.0,84772.0,9.8,9,10,Female,Desktop,0,1
37.0,78762.0,51.3,16,5,Female,Mobile,1,1
45.0,70106.0,3.3,19,3,Female,Mobile,0,0
25.0,101121.0,37.4,16,7,Male,Desktop,1,1
58.0,45559.0,33.9,7,12,Male,Tablet,0,0
56.0,53742.0,21.1,14,7,Female,Desktop,1,0
18.0,89669.0,19.3,14,9,Male,Tablet,0,1
20.0,100199.0,46.4,4,13,Female,Desktop,0,0
30.0,41754.0,,15,0,Male,Tablet,1,0
45.0,23972.0,14.6,3,15,Female,Desktop,1,1
42.0,90831.0,44.1,5,3,Female,Tablet,1,0
50.0,61873.0,33.1,1,3,Female,Desktop,0,0
55.0,114661.0,8.1,3,6,Male,Tablet,0,0
23.0,29903.0,53.0,15,15,Male,Desktop,1,1
61.0,23020.0,23.9,8,13,Female,Mobile,1,1
62.0,61755.0,49.8,4,13,Female,Tablet,0,0
49.0,105956.0,47.4,2,10,Male,Desktop,1,1
62.0,106988.0,37.7,10,6,Male,Tablet,1,1
64.0,65648.0,29.9,4,15,Male,Tablet,1,1
38.0,29516.0,58.8,3,12,Male,Desktop,1,1
33.0,22396.0,9.1,2,10,Male,Tablet,1,0
38.0,104082.0,43.6,17,14,Female,Desktop,0,1
28.0,39129.0,11.9,20,7,Male,Mobile,0,0
54.0,,20.6,13,15,Female,Tablet,1,1
53.0,31303.0,18.9,5,10,Female,Mobile,1,0
52.0,50561.0,56.8,9,4,Male,Tablet,1,1
36.0,91719.0,58.1,6,6,Male,Tablet,1,1
37.0,112108.0,11.4,5,7,Female,Tablet,1,1
35.0,119616.0,1.8,10,15,Male,Desktop,1,1
64.0,106231.0,43.3,8,14,Female,Mobile,0,1
58.0,27314.0,25.4,7,8,Male,Tablet,0,0
31.0,39623.0,5.8,7,2,Male,Desktop,1,1
32.0,87675.0,41.2,6,2,Male,Tablet,1,1
48.0,116826.0,32.9,20,3,Female,Desktop,0,1
18.0,85082.0,58.8,3,4,Male,Tablet,1,1
20.0,103624.0,14.0,19,9,Female,Mobile,1,1
33.0,53130.0,24.5,15,0,Male,Mobile,1,1
40.0,71756.0,32.8,4,14,Female,Tablet,0,1
28.0,117624.0,47.6,12,14,Male,Desktop,1,1
29.0,46292.0,33.2,6,6,Female,Tablet,0,0
27.0,106206.0,37.0,19,8,Female,Desktop,1,1
49.0,89274.0,,4,7,Female,Tablet,0,0
33.0,22469.0,50.9,15,14,Female,Desktop,1,1
25.0,73947.0,26.0,9,14,Female,Mobile,0,0
,42534.0,8.9,5,4,Female,Tablet,1,1
29.0,83620.0,40.0,13,13,Male,Mobile,1,1
41.0,68874.0,13.4,18,13,Female,Mobile,0,1
45.0,69708.0,6.3,5,3,Female,Tablet,1,1
25.0,94553.0,,16,11,Female,Tablet,0,1
45.0,88344.0,27.9,19,6,Male,Desktop,0,1
53.0,69138.0,45.1,14,4,Male,Desktop,1,1
43.0,74302.0,17.8,16,6,Male,Mobile,0,0
25.0,67638.0,47.3,15,11,Female,Desktop,1,1
45.0,98249.0,7.2,4,0,Male,Desktop,1,0
45.0,22719.0,21.7,7,0,Male,Tablet,1,0
54.0,42890.0,58.7,16,15,Female,Desktop,0,1
,97236.0,47.7,8,9,Female,Mobile,1,1
53.0,56509.0,30.1,17,13,Male,Desktop,1,1
,62534.0,20.7,16,12,Female,Mobile,0,0
34.0,112241.0,52.4,10,2,Female,Tablet,1,1
26.0,38787.0,32.9,10,13,Female,Mobile,0,0
50.0,68845.0,45.6,2,10,Female,Desktop,1,1
37.0,77932.0,45.4,9,1,Male,Tablet,0,1
30.0,112124.0,1.6,17,1,Female,Desktop,1,1
45.0,111659.0,,11,6,Male,Tablet,1,1
65.0,53062.0,39.7,10,11,Male,Tablet,0,1
46.0,95713.0,10.1,17,9,Male,Desktop,0,1
30.0,107263.0,15.7,4,1,Male,Desktop,1,1
63.0,115756.0,56.8,16,10,Female,Tablet,1,1
52.0,80461.0,33.8,20,3,Female,Tablet,0,1
23.0,95418.0,45.2,15,1,Female,Desktop,0,1
35.0,86672.0,33.7,5,5,Male,Mobile,1,1
22.0,54832.0,33.4,6,7,Male,Desktop,1,1
64.0,51966.0,6.1,17,9,Male,Tablet,1,1
42.0,92545.0,20.9,1,15,Female,Desktop,1,1
19.0,32987.0,17.3,19,3,Male,Mobile,0,0
27.0,57311.0,23.7,4,14,Female,Desktop,1,1
47.0,51575.0,48.0,17,4,Female,Tablet,1,1
62.0,83852.0,22.6,9,3,Female,Desktop,0,1
22.0,21007.0,27.4,2,2,Female,Tablet,1,0
50.0,90981.0,24.1,8,4,Male,Tablet,1,1
18.0,96242.0,6.1,15,13,Female,Desktop,0,1
,67517.0,26.7,7,8,Male,Tablet,1,1
49.0,49257.0,12.1,6,7,Female,Tablet,0,0
64.0,107272.0,11.6,1,7,Male,Mobile,1,1
28.0,62207.0,6.1,15,7,Male,Mobile,1,1
38.0,33281.0,21.7,7,11,Female,Mobile,0,0
43.0,81246.0,45.6,17,7,Female,Mobile,1,1
42.0,21435.0,16.9,2,6,Female,Tablet,1,0
39.0,118875.0,19.1,9,7,Male,Desktop,1,1
44.0,111357.0,38.7,9,10,Female,Tablet,1,1
30.0,46660.0,12.2,13,13,Female,Tablet,1,1
50.0,25084.0,53.9,6,15,Male,Tablet,1,1
51.0,102197.0,31.5,6,7,Female,Desktop,1,1
,33507.0,27.1,20,12,Male,Mobile,1,1
52.0,92595.0,33.7,20,13,Female,Tablet,0,1
18.0,103807.0,10.4,3,7,Male,Tablet,1,1
38.0,,37.0,17,11,Male,Mobile,1,1
65.0,27491.0,22.1,17,9,Female,Tablet,1,1
23.0,70192.0,53.9,12,6,Male,Desktop,1,1
45.0,,10.5,16,11,Female,Tablet,1,1
34.0,83888.0,30.7,15,0,Female,Tablet,1,1
22.0,93609.0,36.1,13,3,Male,Mobile,0,1
48.0,29077.0,2.5,1,12,Female,Tablet,0,0
22.0,40953.0,22.1,17,12,Male,Tablet,1,1
55.0,96919.0,44.1,3,15,Male,Desktop,0,1
20.0,87889.0,49.3,15,3,Male,Mobile,0,0
40.0,43821.0,19.1,4,4,Male,Mobile,0,0
54.0,57567.0,,4,9,Male,Desktop,1,1
,44860.0,58.1,18,5,Male,Tablet,1,1
27.0,41195.0,51.5,17,3,Male,Mobile,1,1
27.0,97475.0,7.5,19,14,Male,Mobile,1,1
36.0,110874.0,44.5,11,1,Female,Tablet,0,0
34.0,107266.0,19.5,20,15,Female,Tablet,1,1
38.0,41427.0,59.3,3,5,Male,Mobile,1,1
31.0,47083.0,29.4,8,14,Female,Tablet,1,1
26.0,107046.0,7.8,14,7,Female,Mobile,0,0
63.0,77372.0,,1,14,Female,Tablet,0,1
18.0,64064.0,19.7,14,7,Female,Tablet,0,1
62.0,27813.0,59.8,2,6,Female,Desktop,1,0
30.0,51598.0,58.8,4,5,Female,Tablet,1,1
21.0,113106.0,,19,1,Male,Desktop,1,1
18.0,47082.0,8.2,6,14,Female,Tablet,1,1
57.0,49241.0,41.4,1,6,Female,Mobile,1,0
49.0,116214.0,6.0,17,10,Female,Mobile,1,1
51.0,64569.0,,8,11,Female,Tablet,0,0
45.0,,49.5,19,13,Male,Tablet,1,1
48.0,46029.0,13.0,1,15,Male,Mobile,1,0
25.0,33025.0,23.1,5,13,Male,Tablet,0,1
56.0,34288.0,58.4,16,4,Male,Desktop,1,1
43.0,109186.0,20.5,6,15,Female,Desktop,1,1
51.0,26540.0,18.1,8,5,Male,Desktop,1,0
20.0,117768.0,55.1,13,9,Male,Desktop,1,1
29.0,101958.0,7.1,16,7,Male,Desktop,1,1
18.0,88878.0,45.7,3,15,Male,Tablet,1,1
61.0,61846.0,59.3,19,13,Female,Tablet,0,1
22.0,95932.0,54.1,12,7,Male,Desktop,0,1
47.0,37482.0,39.3,16,2,Female,Tablet,0,0
47.0,43411.0,19.2,11,11,Male,Tablet,1,1
34.0,70975.0,15.6,10,15,Female,Desktop,0,1
65.0,80545.0,49.2,20,11,Female,Tablet,0,1
64.0,98797.0,52.8,4,13,Male,Tablet,0,1
40.0,72307.0,31.8,12,6,Male,Tablet,1,1
32.0,23093.0,15.0,2,0,Male,Desktop,1,0
54.0,97258.0,7.2,19,0,Male,Tablet,1,1
38.0,42042.0,5.7,5,6,Female,Mobile,1,0
31.0,72930.0,43.3,8,14,Female,Mobile,1,1
19.0,64413.0,25.5,7,14,Male,Desktop,1,1
28.0,113623.0,54.4,14,9,Male,Mobile,1,1
56.0,117883.0,44.5,3,8,Female,Desktop,1,1
55.0,53756.0,11.9,18,6,Male,Mobile,0,0
51.0,73268.0,37.0,16,9,Female,Mobile,1,1
55.0,,26.4,19,4,Male,Mobile,0,1
51.0,101871.0,34.8,19,7,Female,Desktop,1,1
35.0,48602.0,44.4,18,1,Female,Desktop,1,1
47.0,73331.0,48.5,20,8,Female,Tablet,0,1
32.0,68901.0,50.7,16,5,Female,Desktop,0,1
44.0,119986.0,15.6,8,12,Female,Mobile,1,1
51.0,83416.0,2.4,1,8,Male,Mobile,0,0
55.0,52196.0,44.5,17,15,Female,Desktop,1,1
50.0,25626.0,6.8,12,1,Male,Desktop,1,0
,27424.0,19.2,11,2,Female,Desktop,1,0
32.0,32857.0,0.7,5,11,Female,Tablet,1,0
47.0,39982.0,41.1,12,7,Male,Mobile,1,1
59.0,96961.0,10.4,17,0,Male,Tablet,1,1
34.0,21980.0,39.5,6,14,Male,Tablet,1,0
22.0,68290.0,,1,9,Male,Mobile,1,1
46.0,46431.0,,5,14,Female,Mobile,1,0
21.0,104976.0,5.1,14,14,Male,Desktop,1,1
27.0,102711.0,20.8,5,14,Female,Desktop,0,1
34.0,46385.0,52.0,1,6,Male,Tablet,1,0
27.0,58158.0,13.3,18,6,Male,Desktop,1,1
34.0,43019.0,21.9,16,12,Female,Desktop,1,1
37.0,38639.0,4.6,9,0,Female,Mobile,0,0
41.0,105530.0,45.9,19,15,Male,Mobile,1,1
22.0,119911.0,24.8,5,8,Female,Desktop,0,0
51.0,41563.0,45.7,2,7,Female,Mobile,0,0
23.0,59341.0,54.3,15,3,Female,Desktop,1,1
19.0,25776.0,14.3,7,9,Female,Mobile,1,0
30.0,56444.0,48.5,4,10,Female,Mobile,0,0
60.0,88916.0,,1,4,Female,Mobile,1,0
60.0,28711.0,54.0,13,1,Female,Mobile,1,0
65.0,94318.0,39.2,20,12,Female,Desktop,1,1
28.0,102970.0,52.5,7,15,Male,Tablet,0,1
64.0,105553.0,0.5,15,8,Female,Mobile,1,1
40.0,50707.0,,14,14,Male,Desktop,1,1
33.0,59110.0,23.7,19,11,Female,Desktop,1,1
48.0,81788.0,,20,11,Female,Mobile,1,1
28.0,102879.0,14.0,18,5,Female,Tablet,1,1
33.0,58827.0,23.2,10,2,Female,Mobile,0,0
25.0,25655.0,,9,11,Male,Desktop,1,0
21.0,64859.0,25.1,8,6,Male,Tablet,0,0
57.0,73625.0,48.2,10,8,Female,Desktop,1,1
21.0,72098.0,29.0,17,2,Male,Mobile,1,1
42.0,35251.0,1.6,2,15,Female,Tablet,0,0
20.0,20526.0,25.6,6,1,Female,Desktop,1,0
49.0,88760.0,2.1,5,15,Male,Desktop,0,0
20.0,67837.0,58.0,9,6,Male,Desktop,0,1
,31536.0,8.1,5,6,Female,Mobile,1,1
46.0,48541.0,42.6,18,3,Female,Tablet,0,1
49.0,99083.0,58.4,20,10,Male,Mobile,1,1
36.0,71027.0,49.6,9,8,Female,Mobile,0,1
,54531.0,42.1,17,15,Male,Mobile,1,1
22.0,28712.0,50.4,17,13,Female,Tablet,1,1
35.0,85455.0,58.9,12,7,Female,Mobile,1,1
45.0,94744.0,37.5,7,12,Male,Mobile,1,1
59.0,,33.8,3,12,Male,Mobile,1,1
39.0,69268.0,37.9,10,0,Male,Mobile,0,1
38.0,74615.0,32.2,2,0,Female,Desktop,0,0
23.0,102503.0,,3,4,Female,Mobile,1,1
,49759.0,27.3,16,5,Female,Desktop,0,1
22.0,105708.0,13.5,2,2,Female,Mobile,1,1
58.0,80112.0,7.7,10,12,Male,Tablet,0,1
29.0,46589.0,,6,8,Female,Desktop,1,0
43.0,50015.0,16.2,11,11,Female,Desktop,1,1
63.0,49009.0,,7,9,Female,Desktop,0,0
51.0,103309.0,34.2,15,13,Male,Desktop,1,1
31.0,82046.0,17.4,6,14,Female,Tablet,0,0
43.0,46143.0,49.6,20,5,Female,Mobile,1,1
,26154.0,4.9,9,3,Male,Desktop,0,0
44.0,41804.0,14.0,20,11,Female,Tablet,1,1
,61688.0,43.9,12,6,Female,Desktop,1,1
43.0,84288.0,36.1,19,7,Male,Mobile,0,1
64.0,71195.0,4.3,20,8,Female,Desktop,0,1
39.0,40581.0,52.7,3,12,Female,Tablet,1,1
64.0,72648.0,52.7,15,15,Female,Mobile,0,1
47.0,50087.0,20.2,2,10,Male,Tablet,1,0
60.0,69930.0,20.8,2,5,Female,Mobile,1,1
65.0,52981.0,59.3,3,14,Female,Mobile,0,1
34.0,89298.0,37.8,6,5,Male,Mobile,1,1
43.0,66167.0,32.1,15,7,Male,Desktop,1,1
53.0,95304.0,50.4,10,11,Female,Tablet,1,1
18.0,63408.0,17.5,9,4,Female,Tablet,1,0
25.0,59499.0,26.0,1,13,Female,Tablet,0,0
52.0,72269.0,16.4,16,2,Female,Mobile,0,1
32.0,58559.0,47.5,6,11,Male,Desktop,1,1
64.0,94319.0,34.6,9,2,Female,Mobile,1,1
39.0,115317.0,39.7,4,12,Male,Tablet,0,1
,116347.0,15.5,2,5,Male,Desktop,1,1
43.0,68787.0,13.6,4,1,Female,Desktop,1,0
45.0,55488.0,29.6,1,15,Female,Desktop,0,0
40.0,94441.0,44.4,19,5,Male,Tablet,1,1
31.0,94663.0,31.8,10,15,Male,Desktop,0,1
41.0,42431.0,2.4,15,12,Female,Desktop,1,1
19.0,,52.2,19,5,Male,Mobile,0,1
62.0,83483.0,4.3,16,7,Female,Mobile,1,1
43.0,69153.0,57.4,4,6,Female,Desktop,0,1
31.0,26368.0,2.0,2,7,Male,Desktop,1,0
24.0,47424.0,41.8,13,13,Male,Mobile,1,1
20.0,65004.0,5.4,1,8,Female,Mobile,0,0
,103869.0,54.7,17,5,Male,Mobile,1,1
40.0,108652.0,28.1,13,13,Female,Tablet,1,1
63.0,76985.0,8.7,4,15,Female,Tablet,0,0
60.0,70069.0,20.8,7,2,Female,Mobile,1,0
,72326.0,10.3,17,9,Male,Desktop,0,1
62.0,101061.0,10.6,9,2,Female,Mobile,1,0
35.0,43398.0,56.9,4,15,Female,Tablet,1,1
55.0,118393.0,27.0,19,10,Female,Desktop,1,1
52.0,70861.0,47.4,1,11,Female,Tablet,0,1
32.0,95897.0,38.6,10,0,Female,Desktop,1,1
42.0,101905.0,,4,10,Female,Tablet,1,1
54.0,88577.0,8.3,9,14,Female,Desktop,1,1
45.0,85641.0,14.4,13,12,Female,Desktop,1,1
27.0,29078.0,47.3,14,14,Female,Desktop,1,1
56.0,45003.0,58.3,10,4,Female,Desktop,0,1
34.0,82768.0,16.1,6,13,Female,Tablet,0,1
56.0,71047.0,16.7,16,3,Male,Tablet,0,1
39.0,91626.0,28.6,6,8,Female,Desktop,0,0
43.0,77660.0,59.0,17,14,Female,Desktop,0,1
61.0,69786.0,16.5,10,8,Female,Tablet,0,0
42.0,21925.0,24.7,18,14,Male,Desktop,0,0
34.0,103976.0,53.5,18,13,Female,Desktop,0,1
30.0,46015.0,0.7,3,4,Male,Desktop,0,0
37.0,53320.0,2.9,20,9,Female,Mobile,0,0
42.0,84881.0,36.4,15,3,Female,Desktop,0,1
21.0,,54.5,15,6,Male,Mobile,1,1
27.0,46289.0,14.7,4,14,Female,Desktop,1,1
20.0,23389.0,28.4,9,5,Male,Tablet,0,0
58.0,45683.0,27.3,19,3,Male,Mobile,1,0
62.0,33629.0,28.6,17,12,Female,Mobile,0,0
35.0,81550.0,37.5,11,12,Female,Desktop,0,1
64.0,44826.0,28.4,9,14,Female,Desktop,0,1
53.0,46630.0,27.1,10,9,Female,Mobile,1,1
64.0,118762.0,28.7,18,1,Male,Tablet,1,1
39.0,,35.7,20,0,Male,Tablet,0,0
51.0,118511.0,32.5,13,3,Female,Desktop,0,1
64.0,86435.0,51.3,8,3,Male,Tablet,1,0
25.0,31653.0,3.4,7,12,Male,Tablet,0,0
57.0,47961.0,50.1,17,0,Female,Desktop,0,1
61.0,101941.0,50.7,15,5,Male,Tablet,1,1
36.0,94137.0,17.5,20,3,Male,Desktop,1,1
59.0,53662.0,28.0,15,0,Female,Mobile,1,0
58.0,118818.0,26.6,1,0,Male,Desktop,1,0
54.0,76446.0,13.5,14,14,Female,Mobile,0,0
23.0,41288.0,,5,12,Male,Mobile,0,1
43.0,115081.0,3.1,11,0,Female,Tablet,1,1
,56877.0,17.0,16,7,Male,Tablet,0,0
62.0,35313.0,49.1,2,9,Male,Tablet,1,1
23.0,100885.0,17.4,8,7,Female,Desktop,1,1
54.0,,49.2,11,1,Female,Tablet,1,1
50.0,30326.0,32.1,18,10,Female,Mobile,0,0
39.0,21560.0,52.9,3,12,Female,Tablet,1,1
38.0,99148.0,34.7,1,6,Male,Tablet,1,1
23.0,103186.0,2.3,11,13,Male,Desktop,1,1
23.0,46745.0,40.7,16,7,Male,Desktop,0,0
65.0,51890.0,3.2,18,7,Female,Mobile,0,0
21.0,40022.0,27.3,16,10,Male,Desktop,0,1
47.0,72579.0,55.8,10,9,Male,Tablet,0,1
28.0,90316.0,10.3,18,14,Female,Desktop,0,1
47.0,103847.0,23.7,6,10,Female,Mobile,1,1
48.0,48380.0,43.9,19,12,Male,Tablet,1,1
41.0,22356.0,53.0,4,6,Female,Mobile,0,0
26.0,90326.0,40.4,13,4,Male,Desktop,1,1
20.0,112447.0,15.9,14,0,Male,Desktop,0,1
,109899.0,40.6,3,11,Female,Mobile,1,1
57.0,40049.0,18.2,10,8,Male,Tablet,1,0
54.0,95717.0,43.2,6,12,Female,Desktop,1,1
53.0,36082.0,57.3,1,15,Female,Desktop,1,1
41.0,20661.0,43.4,14,6,Male,Tablet,0,1
,,51.8,8,1,Male,Desktop,0,0
23.0,22920.0,0.6,19,5,Male,Mobile,1,1
19.0,111194.0,43.2,14,1,Female,Desktop,1,1
37.0,80315.0,49.9,10,14,Male,Desktop,0,1
45.0,99561.0,2.9,17,0,Female,Tablet,0,0
28.0,28946.0,52.4,9,13,Female,Mobile,1,0
21.0,114242.0,15.8,6,6,Male,Tablet,0,0
32.0,65500.0,40.1,11,12,Female,Desktop,1,1
23.0,36309.0,48.1,7,15,Male,Desktop,1,1
47.0,75230.0,39.9,17,1,Male,Tablet,0,1
55.0,118656.0,6.0,1,12,Male,Tablet,0,0
19.0,50027.0,36.0,5,13,Male,Tablet,1,1
32.0,92541.0,33.2,9,13,Male,Mobile,1,1
28.0,79321.0,54.1,18,1,Male,Desktop,1,1
25.0,20956.0,24.6,2,12,Male,Tablet,0,0
43.0,94131.0,19.6,11,10,Female,Desktop,0,0
62.0,,45.1,6,4,Male,Mobile,1,1
61.0,98339.0,25.1,8,13,Female,Mobile,1,1
22.0,45963.0,38.9,4,4,Female,Mobile,0,0
,,39.0,18,15,Female,Mobile,1,1
43.0,119259.0,53.3,11,6,Male,Desktop,0,1
21.0,59063.0,36.1,5,0,Female,Mobile,0,0
36.0,100818.0,30.4,15,7,Female,Mobile,0,1
37.0,,8.8,18,2,Male,Tablet,1,0
